# Factory partition table of the reTerminal E1002, read from the board at 0x8000
# on 2026-09-06 and reproduced here so a flash keeps the layout it shipped with.
#
# The esp32 core copies a partitions.csv found beside the sketch over its own
# (platform.txt prebuild hook 3), so this file is what gets written.
#
# Name,     Type, SubType,  Offset,     Size,       Flags
nvs,        data, nvs,      0x9000,     0x7d000,
otadata,    data, ota,      0x86000,    0x2000,
phy_init,   data, phy,      0x88000,    0x1000,
app0,       app,  ota_0,    0x90000,    0xc00000,
app1,       app,  ota_1,    0xc90000,   0xc00000,
spiffs,     data, spiffs,   0x1890000,  0x600000,
